{
  "A_CN_4meas": {
    "mean_cn": 2.5862360160257114,
    "std_cn": 0.7978536272312412,
    "max_cn": 5.617880779053816,
    "min_cn": 1.8296806466428943,
    "mean_cn_temp_std": 0.5002033333027622,
    "mean_gauss_loss": 0.002760960571287821,
    "mean_poisson_loss": 3.464786521930973,
    "mean_bcpn_total": 2.1013223679547552,
    "bcpn_q0": 0.0424108449033273,
    "bcpn_q1": 0.6353380527589795,
    "bcpn_q2": 0.7907039439839315,
    "bcpn_q3": 0.6328695263085158
  },
  "A_CN_6meas": {
    "mean_cn": 2.145619473612912,
    "std_cn": 0.3552466026939015,
    "max_cn": 3.726376130675571,
    "min_cn": 1.825740489356369,
    "mean_cn_temp_std": 0.2104892253905913,
    "mean_gauss_loss": 0.0005291422994315351,
    "mean_poisson_loss": 0.0035448405749121097,
    "mean_bcpn_total": 0.46616206179564756,
    "bcpn_q0": 0.021817087606740483,
    "bcpn_q1": 0.14910848333609322,
    "bcpn_q2": 0.1339456135470594,
    "bcpn_q3": 0.16129087730575392
  },
  "B_BCPN_4meas": {
    "mean_cn": 3.606027642788394,
    "std_cn": 2.054971150646944,
    "max_cn": 16.429256458500536,
    "min_cn": 2.2388993361998137,
    "mean_cn_temp_std": 1.1216034804836357,
    "mean_gauss_loss": 0.008480219760094524,
    "mean_poisson_loss": 37870.14998714578,
    "mean_bcpn_total": 2.626269768811535,
    "bcpn_q0": 0.08695381999422976,
    "bcpn_q1": 1.7832013294605507,
    "bcpn_q2": 0.49033833742088095,
    "bcpn_q3": 0.26577628193587727
  },
  "B_BCPN_6meas": {
    "mean_cn": 2.470474213675414,
    "std_cn": 0.9332252630667998,
    "max_cn": 6.730927167371328,
    "min_cn": 1.7562800934413663,
    "mean_cn_temp_std": 0.4516779404363589,
    "mean_gauss_loss": 0.002604463324981306,
    "mean_poisson_loss": 8.33885942080122,
    "mean_bcpn_total": 0.7734555920615019,
    "bcpn_q0": 0.015262748572175909,
    "bcpn_q1": 0.3240682716912325,
    "bcpn_q2": 0.30143048880351314,
    "bcpn_q3": 0.13269408299457958
  },
  "C_Temp_4meas": {
    "mean_cn": 2.499597426215437,
    "std_cn": 0.6463493258299535,
    "max_cn": 4.888744214197142,
    "min_cn": 1.8318677794551195,
    "mean_cn_temp_std": 0.42191787927391367,
    "mean_gauss_loss": 0.002112139520001318,
    "mean_poisson_loss": 2.6672640560705294,
    "mean_bcpn_total": 2.0285253539004597,
    "bcpn_q0": 0.051927733004732,
    "bcpn_q1": 0.7179240896049455,
    "bcpn_q2": 0.722455240016086,
    "bcpn_q3": 0.5362182912746942
  },
  "C_Temp_6meas": {
    "mean_cn": 2.2319483328434773,
    "std_cn": 0.18316099509976877,
    "max_cn": 2.9126303939123317,
    "min_cn": 1.9330150108033186,
    "mean_cn_temp_std": 0.12701691164916357,
    "mean_gauss_loss": 0.0003867824966440322,
    "mean_poisson_loss": 0.009769354025446505,
    "mean_bcpn_total": 0.6036263265060144,
    "bcpn_q0": 0.03405918260050113,
    "bcpn_q1": 0.2323536180904563,
    "bcpn_q2": 0.1742848865150175,
    "bcpn_q3": 0.1629286393000397
  },
  "D_Comb_4meas": {
    "mean_cn": 2.5084701761405785,
    "std_cn": 0.6221642082594843,
    "max_cn": 5.098912362657702,
    "min_cn": 1.8824692335419893,
    "mean_cn_temp_std": 0.38256531541739536,
    "mean_gauss_loss": 0.0020560937307065714,
    "mean_poisson_loss": 0.7910932571475928,
    "mean_bcpn_total": 1.6852308002882226,
    "bcpn_q0": 0.05756994566282195,
    "bcpn_q1": 0.6580988450089251,
    "bcpn_q2": 0.559561793730032,
    "bcpn_q3": 0.4100002158864435
  },
  "D_Comb_6meas": {
    "mean_cn": 2.1478707199518756,
    "std_cn": 0.17978565769169574,
    "max_cn": 3.063438734696595,
    "min_cn": 1.8696695554609342,
    "mean_cn_temp_std": 0.11700108459899222,
    "mean_gauss_loss": 0.00025142647076481137,
    "mean_poisson_loss": 0.00555139228507902,
    "mean_bcpn_total": 0.4798450147153033,
    "bcpn_q0": 0.024796692801578417,
    "bcpn_q1": 0.19279518380715285,
    "bcpn_q2": 0.10956741902277885,
    "bcpn_q3": 0.15268571908379283
  }
}