{
  "A_CN_4meas": {
    "params": [
      -23.99623915201404,
      43.4213599578515,
      1.790225161774854,
      6.431180681620019,
      2.2394574556569773,
      7.301756410795743
    ]
  },
  "A_CN_6meas": {
    "params": [
      69.30877093595235,
      -44.791213445683866,
      1.5854557867260983,
      7.990877326634852,
      2.137865216829021,
      1.9675863591663818,
      4.3498552127414
    ]
  },
  "B_BCPN_4meas": {
    "params": [
      -6.308372410823683,
      52.97764991781044,
      3.444009296250017,
      1.7718882989913183,
      3.840115244618864,
      1.896683944004785
    ]
  },
  "B_BCPN_6meas": {
    "params": [
      -24.17390797769961,
      -44.98513869367221,
      1.518303297298035,
      2.0706437911396094,
      9.351848427238115,
      1.8859772300283342,
      4.915550764126783
    ]
  },
  "C_Temp_4meas": {
    "params": [
      67.34557984243831,
      -45.72680027676166,
      1.8314932278738012,
      8.444097292877386,
      8.311111379620355,
      2.2674366026684267
    ]
  },
  "C_Temp_6meas": {
    "params": [
      -29.66387700459397,
      -51.79484892886096,
      1.6179777789346577,
      2.1680412514374217,
      7.3096580071440975,
      2.009551467702595,
      9.38280685811696
    ]
  },
  "D_Comb_4meas": {
    "params": [
      25.378391944978677,
      -42.18338957002599,
      1.5,
      2.328841776289649,
      2.310637724751643,
      8.514041471860017
    ]
  },
  "D_Comb_6meas": {
    "params": [
      -65.82265959128999,
      -42.5670864451229,
      6.794345561526455,
      1.6381171344842798,
      2.184928281009788,
      2.0040944805942362,
      9.891215670116143
    ]
  }
}